term,pos,notes,is_case_sensitive,translation_zh_cn,notes_zh_cn
$,noun,,false,$,美元标志
-round,noun,,false,发,
.22,noun,,false,.22,
.30-06,adjective,,false,.30-06,
.357 Magnum,adjective,,false,.357 马格南弹,
.38 Special,adjective,,false,.38 特制弹,
00 shot,noun,,false,猎鹿弹,
10mm,adjective,,false,10mm,
10mm Auto,noun,,false,10mm Auto,
2x4,noun,also written as “two by four”,false,木板,
40mm,adjective,,false,40mm,
5.45x39mm,,,false,5.45x39mm,
5.56mm,adjective,,false,5.56mm,
50 caliber,adjective,,false,.50,
555-0164,,,false,555-0164,
7.62mm,adjective,,false,7.62mm,
8x40mm,adjective,,false,8x40mm,
9mm,adjective,,false,9mm,
9x19mm,adjective,,false,9x19mm,
ACOG,noun,Advanced Combat Optical Gunsight,false,先进战斗光学瞄准镜,
AF2011A1,noun,,false,AF2011A1,
AI,noun,artificial intelligence,false,人工智能,
ALRP,noun,,false,ALRP,
ANBC,noun,"Armored, Nuclear, Biological, Chemical (suit)",false,ANBC,
ANFO,noun,ammonium nitrate/fuel oil,false,铵油炸药,
AP,adjective,armor-piercing,false,穿甲,
APC,noun,,false,被帽穿甲,
APFSDS,,Armor-Piercing Fin-Stabilized Discarding Sabot,false,尾翼稳定脱壳穿甲弹,
Airframe and Powerplant Mechanics,,,false,,
Aleesha,noun,,false,阿莱莎,
Alumentum,noun,,false,铝合金,
Andrea Dzvonko,noun,,false,安德里亚·德赞科,
Animist,noun,,false,泛灵师,
Arabella,noun,,false,阿拉贝拉,
Armor piercing,,,false,穿甲,
Australia,noun,,true,澳大利亚,
Autodoc,noun,,false,全自动医疗仪,
BB,noun,,false,BB,
BB gun,noun,,false,BB枪,
BMG,,ammo type,false,BMG,
Barbaran Montante,noun,,true,,
Barnhoff,noun,,false,巴霍夫,
Benzete,noun,,false,本泽特,
Beretta,,,false,贝雷塔,
Biblical,noun,,true,圣经,
Biomancer,noun,,false,生化术士,
Bo Baronyx,noun,,false,博·巴罗尼克斯,
Boeing,,proper name,false,波音,
Brigitte,noun,,true,布丽吉特,
Brigitte LaCroix,noun,,false,布丽吉特·拉克鲁瓦,
C.C.B.o.t.T.,noun,,false,,
C.H.U.D.,noun,Cannibalistic Humanoid Underground Dweller,false,地下食人者,
C.R.I.T,,,false,C.R.I.T,
CB,noun,,false,CB弹,
CBM,noun,Compact Bionics Module,true,CBM,
CBMs,noun,,true,CBM,
CBRN,noun,"Chemical, biological, radiological and nuclear",false,CBRN,
CCNE,,,false,,
CDC,noun,Centers for Disease Control,false,疾控中心,
CQB,noun,,false,CQB||近距离作战,
CVD,noun,chemical vapor deposition,false,化学气相沉积,
CVD machine,noun,chemical vapor deposition machine,false,化学气相沉积仪,
Canada,noun,,false,加拿大,
Carbonetos,pronoun,,false,,
Cataclysm,noun,,true,大灾变,
Cattail,noun,,false,,
Cecaelia,noun,,false,塞卡莉亚,
Check out,,,false,,
Church of Starry Wisdom,noun,,false,星之智慧教堂,
Churninator,,,false,,
Colt,noun,,false,柯尔特,
Compact Bionics Module,noun,,false,生化插件,
Cooper,,,false,库珀,
Could be gutted for parts.,,,false,,
Craft: Armor,,,false,,
Cranberry Foster,noun,,false,克兰伯里·福斯特,
Customized,,,false,自定义||客制化,
Cyrus,noun,,false,赛勒斯,
DARPA,noun,,false,美国国防部高级研究计划局,
DEP,noun,,false,环保部,
Dana,noun,,false,达娜,
Darla Novak,noun,,false,达拉·诺瓦克,
Darren Cooper,noun,,false,达伦·库珀,
Dionne,noun,,false,迪翁,
Disassemble to unpack.,,,false,拆解以打开,
DoT,noun,,false,持续伤害,
Dr. Maiar,noun,proper name,false,迈雅博士,
EM,adjective,,false,,
EMF,noun,,false,,
EMP,,,false,电磁脉冲,
EMP,noun,Electromagnetic pulse,false,电磁脉冲,
EOD,noun,Explosive Ordnance Disposal,false,拆弹部队,
EPA,noun,Environmental Protection Agency,false,环保局,
EPA,pronoun,,false,环保局,
EPM,noun,,true,,
ESCA,noun,,true,,
EVA,noun,,true,,
Earthshaper,noun,,false,塑地者,
Eaters,,,false,,
Eddit,noun,,false,Eddit,
Ellen Grimes,noun,,false,艾伦·格里姆斯,
Embrasure,noun,,false,,
Exodii,noun,,false,流亡族,
FEMA,noun,Federal Emergency Management Agency,false,FEMA,联邦紧急事务管理局
FMJ,noun,full metal jacket,false,被甲弹,
FOB,noun,,true,,
Federal Emergency Management Agency,noun,,false,联邦紧急事务管理局,
Feral (Human),adjective,,false,,
Food Handling,,,false,,
Foodperson,noun,,false,,
Foodplace,,,false,美食广场,
Foodplace,noun,,false,美食广场,
Free Merchant,noun,,false,自由商会,
Free Merchants,noun,,false,自由商会,
FriendFace,noun,,false,FriendFace,
GMO,adjective,,false,,
Garry Villeneuve,noun,,false,加里·维伦纽夫,
Glooscap,noun,,false,格鲁斯卡普,
Great!,,,false,,
Gunny,noun,,false,甘尼,
HEAT,noun,,true,高爆反坦克榴弹,
HEDP,,,false,高爆两用弹,
HEI,,,false,高爆燃烧弹,
HGC,,,false,,
HGC,noun,,true,,
HMTD,noun,hexamethylene triperoxide diamine,false,HMTD炸药,
HP,noun,Hit Points,false,HP,
HUD,noun,,false,,
HVP,noun,High Velocity Projectile,false,高速弹,
Helena,noun,,false,海伦娜,
Hell's Raider,noun,,false,地狱掠夺者,
Hell's Raiders,,,false,地狱掠夺者,
Hell's Raiders,noun,,false,地狱掠夺者,
Hendelson,noun,,false,亨德尔森,
Homeland Security,noun,proper name,false,国土安全部,
How odd...,,,false,,
Hub 01,noun,,false,Hub 01,
Hydroponics,noun,,false,水培,
Hyperweave,,,false,,
IC,noun,,false,,
ID card,noun,,false,ID卡,
IED,,,false,,
IED,noun,improvised explosive device,false,IED,
IFF,noun,,false,,
"If false,",,,false,,
"If true,",,,false,开启时，,
If you look closely you can see some unharvested walnuts.,,,false,,
"If you see this, then something went wrong.",,,false,,
India,noun,,false,印度,
Interaction,noun,,false,交互,
It can be used to construct simple barricades.,,,false,,
It has a threaded cap to keep the contents from leaking out.,,,false,,
It is acid-resistant but rather brittle.,,,false,,
It is turned on and continually drawing power.,,,false,,
It would taste much better prepared,,,false,,
It's oddly warm to the touch,,,false,,
Italian,adjective,,false,意大利,
JHP,noun,,false,空尖弹,
JSP,noun,,false,软尖弹,Jacket Soft Point
Jabberwock,noun,,true,,
James Hawthorne,noun,,false,詹姆斯·霍桑,
Jenny,noun,,false,珍妮,
John Bailey,noun,,false,约翰·贝利,
Jonathan Farrier,noun,,false,乔纳森·法里尔,
Karate,,,false,空手道,
Kel-Tec,noun,,false,Kel-Tec||凯尔科技,
Kelvin,noun,,false,凯尔文,
Kelvinist,noun,,false,炽霜法师,
Kiernan,noun,,false,基尔南,
Killophant,noun,,false,,
Kindred,,,false,血族,
Kindred,noun,,false,,
Known for its high rate of fuel consumption.,,,false,,
Krav Maga,,,false,马伽,
LR,noun,Long Rifle,false,步枪,
LW,noun,"Short for “Leadworks, LLC”",false,LW,
LaCroix,noun,,false,拉科瓦,
LeMat,noun,,false,勒马特,
Leadworks,noun,proper name,false,Leadworks,
Leadworks LLC,noun,"proper name, spelling variant (LLC = Limited Liability Company)",false,Leadworks公司,
"Leadworks, LLC",noun,proper name (LLC = Limited Liability Company),false,Leadworks公司,
Let's build,,,false,让我们建造吧,
Let's start building,,,false,让我们开始建造吧,
Luger,noun,,false,鲁格,
Lycra,,,false,,
MBR vest,noun,Modular Bullet Resistant vest,false,MBR防弹背心,
MDF,noun,,false,,
MG,noun,machine gun,false,机关枪,
MRE,noun,"Meal, Ready-to-Eat",false,MRE,
MREs,noun,,false,MRE,
Magazine,noun,,true,弹匣||杂志,
Magellan,,,false,,
Magellan,noun,,false,麦哲伦,
Magical Throwing Blade,,,false,,
Magnum,noun,,false,马格南,
Magus,noun,,false,魔术师,
Malsumis,noun,,false,马尔苏米斯,
Manatouched,noun,,false,,
Mandrake,noun,,false,曼德瑞克,
Mark of the Seer,,,false,先知之印,
Marloss,noun,,false,马洛斯,
Marshal,noun,,false,执法官,
MatheMAX,noun,,false,MatheMAX,
Matrioshka,noun,,false,玛特廖什卡,
Matrioshka Fabritechnics,,,false,玛特廖什卡工业科技,
Melchior,,,false,,
Melchior,noun,,false,梅尔基奥尔,
Mercurial Genomics,,,false,,
Might be useful for starting a fire.,,,false,,
Millyficen Whately,noun,,false,米利菲森·沃特利,
Millyficent,noun,,false,米利菲森,
Mk. II,noun,,true,,
Much less threatening now that,,,false,,
Much less threatening now that it lies limp on solid ground,,,false,,
Much less threatening now that it lies quiet on solid ground,,,false,,
Much less threatening now that it's laid limp on solid ground.,,,false,,
Mycus,noun,,false,马卡斯,
N/A,,Not available,false,无,
NEPower,noun,power provider name,false,东北能源,
NPC,noun,Non Player Character,false,NPC,
NPCs,noun,,false,NPC,
"Necromantic magic delays immediate rot, but it won't last forever.  Piercing it with the attached needle could compel it to serve you.",,,false,死灵魔法减缓了腐烂，但也无法永远保存它。用自带的针刺穿它就能驱使它为你服务。,
New England Church Community,noun,,false,新英格兰教会社区,
New Order,,,false,,
Nomex,,,false,芳纶,
Not good for drinking.,,,false,,
OSB,noun,,false,,
Offal,noun,,false,内脏,
Old Guard,noun,faction name; remain of the US government,false,旧日守护者,
"Other vehicle components can be mounted on it, and it can be attached to other frames to increase the vehicle's size.",,,false,,
PBA mask,noun,protective breathing apparatus,false,PBA消防面具,
PPSh,,,true,波波沙,
PU,noun,power usage (bionics),false,能量,
Pankration,noun,,false,古希腊搏击,
Parabellum,noun,,false,黄铜被甲,
Peek Around Corners,verb,,false,拐角窥探,
Pocket Guide,noun,,false,口袋书,
Portal Storm,,,false,空间风暴,
Potion,,,false,药剂,
Preserves content from rot until opened.,,,false,开启前防止内容物变质,
Prozac,noun,,false,百忧解,
RDA,noun,recommended daily average,false,RDA,
RDX,noun,Research Department Explosive,false,RDX,
RMES,,,true,,
RV,noun,recreational vehicle,false,房车,
Ranged,noun,,false,,
Ray Bradbury,noun,,false,雷·布雷德伯里,
Refugee Center,noun,,false,,
Relaxation Gas,noun,,false,麻醉气体,
Rhy,noun,Rhyzaea Johnny,false,莱,
Rhyzaea,noun,,false,莱泽尔,
Rubik,noun,,false,鲁比克,
Ruger,noun,https://zh.wikipedia.org/wiki/%E6%96%AF%E7%89%B9%E5%A7%86%E2%80%93%E5%84%92%E6%A0%BC#%E5%85%B3%E4%BA%8ERuger%E7%9A%84%E4%B8%AD%E6%96%87%E5%90%8D%E7%A7%B0,false,鲁格,
SCT,noun,"Scrolling Combat Text, this is on-screen text which appears and moves after an attack.",false,战斗气泡,
SIG Sauer,noun,,false,西格&绍尔,
SMG,noun,SubMachine Gun,false,冲锋枪,
SMGs,,,true,,
SRCF,,,false,,
SRCF,noun,,false,SRCF,
STD,noun,,true,,
Saiga,,,true,,
Saritania,noun,,false,萨利塔尼亚,
Security-Restricted Contaniment Facility,,,false,,
Select,noun,,false,,
Select,verb,,false,,
Sidhu,noun,,false,西杜,
Silverstein,noun,,false,西尔弗斯坦,
Singh,noun,,false,辛格,
Siobhan,noun,,false,西沃恩,
Smokes,,,true,,
Some may be factory-sealed to increase shelf life.,,,false,,
Some sparks appear in front of you for a brief moment.,,,false,,
Spec Ops,noun,,false,,
Spoils rapidly.,,,false,,
Stacks,verb,,true,,
Stance,,,false,,
Steel Light,,,false,,
"Sterilized using radiation, so it's safe to eat.",,,false,经过辐射消毒杀菌，可以安全食用,
Steve,noun,(proper) A horse you receive for completing a quest.,false,,
Stormshaper,noun,,false,风暴塑造者,
Subspell; you aren't allowed to see it except in debug mode.Subspell; you aren't allowed to see it except in debug mode.,,,false,,
Summon,verb,,false,召唤,
Sunil Narayana,noun,,false,苏尼尔·纳拉亚纳,
Swamper,,,false,,
Sweet Providence,,,false,,
Takatoshi,noun,,false,高松,
Technomancer,noun,,false,科技法师,
The darkness around you thickens.,,,false,,
The reverse side describes protocol for using it;,,,false,,
The straight lines of surrounding objects,,,false,,
There are two distinct sets of handwriting making notes.,,,false,,
They aren'ttoo filling though,adjective,,false,,
They shiver under your touch.,,,false,,
This is a bug if you have it.,,,false,,
This is a canvas sack filled with,,,false,这是一个装满的帆布袋,
This is a skeletal frame of sturdy metal with attached motors to allow the user to move heavier loads with less strain on the body.,,,false,,
This is a skeletal frame of sturdy metal with attached motors to allow the user to move heavier loads with less strain on the body. with less strain on the body.,,,false,,
This is an employee badge,,,false,,
This model uses a compact internal combustion engine for power.,,,false,,
This tent is broken and cannot be deployed.,,,false,,
"This tree is a member of the 'Mangifera' genus, producing fruit commonly known as mangoes.",,,false,,
Thorazine,noun,,true,冬眠灵,
Thoreaux,noun,,false,梭罗,
Tingle,noun,,false,,
Tis but a scratch,,,false,,
"Tough yet breathable, it is light and comfortable to wear under clothing.",,,false,,
"Transparent and made of plastic, it can be sealed and opened by a slider which works in a similar way to a zip fastener.",,,false,,
UASTA,noun,,true,,
UAV,noun,Unmanned aerial vehicle,false,无人机,
UGV,noun,,false,,
UICA,noun,,true,,
UICAS,noun,,true,,
UICASTA,,,false,,
UPS,,Unified Power Supply,true,UPS,
US,noun,,false,,
Uncanny,noun,,false,安可异,
Upper Rubber Boot Books,,,false,,
Use it to loosen it if you want to wear it over normal clothing.,,,false,,
Use it to turn it off.,,,false,,
Use it to turn it on.,,,false,,
Use it to turn them off.,,,false,,
Used in many crafting recipes.,,,false,,
Useful for a vehicle.,,,false,,
Useful for crafting,,,false,,
Useful for crafting communications equipment.,,,false,,
Useful for some crafting recipes.,,,false,,
Useful in advanced electronics crafting.,,,false,,
Useful in lots of electronics recipes.,,,false,,
Useful in some electronics recipes.,,,false,,
Vanessa,noun,,false,瓦内萨,
Walther,noun,gun manufacturer name,false,瓦尔特,
Weird!,,,false,,
Whately,noun,,false,沃特利,
Wildshape,noun,,false,,
Winchester,noun,gun manufacturer name,false,温彻斯特,
Women Up To No Good,,,false,,
XL,adjective,"""Extra large"", used for equipment",true,（XL）||XL,
XS,adjective,"""Extra small"", used for equipment",true,（XS）||XS,
Xanax,noun,,false,赞安诺,
Yoshimi,noun,,false,良美,
"You can wear it if you like, but it won't provide any effects.",,,false,,
You could peel off the bark sections if you examined the tree more closely.,,,false,,
You could scavenge it for parts.,,,false,,
You dream of a different version of yourself,,,false,,
You dream of yourself,,,false,,
You may be able to summon more with a higher level in this spell.,,,false,,
You wrap your waist corset tighter.,,,false,,
"You've managed to get to a shelter, but reality has grown weaker than normal",,,false,,
Yrax,noun,,false,伊拉克斯,
Yum,,,false,,
a confident voice saying,,,false,一个自信的声音说道,
a gentle voice saying,,,false,,
a gore-smeared winged beast,,,false,,
a voice saying,,,false,,
abstract,adjective,,false,虚拟||抽象,
accuracy,noun,probability of hitting a target with a ranged weapon,false,精度||精确||精准度,
achievements,noun,,false,成就,
acorn,noun,,false,橡子,
activate,verb,,false,使用||激活,
admin,noun,,false,,
adobe,noun,,false,坯,
advanced,adjective,,false,高级,
adze,noun,,false,锛子,
aisle,noun,,false,走道,
alamosaurus,noun,,false,阿拉摩龙,
albertonykus,noun,,false,亚伯达爪龙,
albertosaurus,noun,,false,阿尔伯塔龙,
alchemist,noun,,false,炼金术士,
alexandrite,noun,,false,紫翠玉,
alexandrites,noun,,false,紫翠玉,
alien,adjective,,false,,
almond,noun,,false,扁桃仁,
alternator,noun,,false,发电机,
aluminum,noun,,false,铝,
amargasaurus,noun,,false,阿马加龙,
amethyst,noun,,false,紫水晶,
ammo,,,false,,
ammo belt,noun,,false,,
ammonium nitrate,noun,,false,,
ammunition,,,false,,
and those nearby,,,false,,
anesthetic,noun,,false,麻醉剂,
anesthetic kit,noun,,false,,
angle grinder,noun,,false,,
ankylosaurus,noun,,false,甲龙,
antidepressant,noun,,false,抗抑郁药,
apatosaurus,noun,,false,迷惑龙,
appalachiosaurus,noun,,false,阿巴拉契亚龙,
appliance,noun,,false,,
apricot,noun,,false,杏子,
apron,noun,,false,,
aquamarine,noun,,false,海蓝宝石,
aquilops,noun,,false,鹰角龙,
aramid,noun,,false,凯夫拉纤维,
arm guard,noun,,false,,
arm guards,,,false,护臂,
armadillo,noun,,false,,
armor,noun,,false,盔甲||护甲||胸甲||甲||铠,
arpen,noun,,false,,
array,noun,,false,,
artifact,noun,,false,,
assault rifle,noun,,false,突击步枪,
attunement,noun,,false,调谐||同调,
auto pickup,noun,,false,自动拾取,
auto-fetch,noun,,false,,
auto-magazine,noun,,false,自动弹匣,
auto-magazines,noun,,false,自动弹匣,
auto-pulp,,,false,,
autoclave,noun,,false,高压灭菌釜,根据柯林斯英汉字典，autoclave在作化学反应容器时解作高压釜，在作医疗器械时解作高压灭菌器。在游戏中autoclave主要用于给带有细菌的cbm消毒灭菌，因此在这里更好的释义应为高压灭菌器而非高压釜，为维护前后一致性写作高压灭菌釜。
autopickup,noun,,false,自动拾取,
awl,noun,,false,,
axe,noun,,false,斧,
backpack,noun,,false,,
badge,noun,,false,,
balaclava,noun,,false,,
barbed,noun,,false,,
barley,noun,,false,大麦,
barrel,noun,,false,,
basecamp,noun,,false,,
bash,noun,,false,钝击,
bashing,adjective,,false,钝击,武器的一种伤害类型
bashing damage,noun,,false,钝击伤害,
basic,adjective,,false,基本,
bass,noun,,false,,
baton,noun,,false,,
battery cell,,,false,电池,
battle rifle,noun,,false,战斗步枪,
bay,noun,,false,,
beaker,noun,,false,烧杯,
beam,noun,,false,,
beanbag,noun,type of ammo,false,沙包弹,
bearings,noun,,false,滚珠,
bedroom,noun,,false,,
bee,,,false,,
bees,,,false,,
bell pepper,noun,,false,,
biodiesel,noun,,false,,
biomancer,noun,,false,生化术士,
biosilicified,adjective,,false,硅化甲壳,
birdshot,noun,shotgun ammo type,false,猎鸟弹,
bitter,adjective,,false,,
black powder,noun,,false,,
blackberry,noun,,false,黑莓,
blob,,,false,变形怪,
blob,noun,,false,变形怪,
blobs,noun,,false,变形怪,
blowback,noun,,false,,
blue,adjective,,false,蓝,
blue topaz,noun,,false,蓝黄玉,
blueberry,noun,,false,蓝莓,
bluegill,noun,,false,,
bodysuit,noun,,false,,
bolt,noun,,false,弩矢||闪电,
bolt-action,adjective,,false,栓动,
bolts,noun,,false,弩矢||束,
bonus,,,false,,
bookcase,,,false,,
bootleg,,,false,自制,
bootleg,adjective,,false,,
bootss,,,false,靴子,
bot,noun,,false,机器人,
bots,noun,,false,机器人,
bowl,noun,,false,,
box magazine,noun,,false,盒式弹匣,
bracelet,noun,,false,,
bracelets,noun,,false,,
brachiosaurus,noun,,false,腕龙,
brass catcher,noun,,false,,
bratwurst,noun,,false,,
break action,adjective,,false,,
breaker switches,noun,,false,,
breeder,noun,,false,培育,
breeders,noun,,false,培育,
breezy,adjective,,false,,
brewing,verb,,false,,
brine,noun,,false,盐水,
bristles,noun,,false,,
bristly,adjective,,false,,
broadhead,noun,,false,宽刃,
broccoli,noun,,false,西兰花,
broken,adjective,,false,破损的,
broken,noun,,false,损坏,
broker,,,false,,
brontosaurus,noun,,false,雷龙,
brown spider,noun,,false,,
brush,noun,,false,刷,
brute,,,false,,
buchner flask,noun,,false,,
buckshot,noun,shotgun ammo type,false,猎鹿弹,
buckwheat,noun,,false,荞麦,
buff,,,false,,
building block,noun,,false,,
bulette,noun,magical creature from dnd,false,鲨蜥兽,
bulky,adjective,,false,笨重,
bundle,noun,,false,,
bundled tightly together for storage.,,,false,,
bundled tightly together for storage.Disassemble to unpack.,,,false,,
bunker,noun,,false,,
burdock,noun,,false,,
but can carry other liquids in a pinch.,,,false,,
but fails to penetrate their armor,,,false,,
but it might have useful parts to be scavenged.,,,false,,
butcher,noun,,false,,
butcher,verb,,false,屠宰,
butchering,,,false,,
butchering rack,noun,,false,屠宰架,
cabbage,noun,,false,卷心菜,
cabbages,noun,,false,卷心菜,
cabinet,noun,,false,,
calcium,noun,,false,钙,
camarasaurus,noun,,false,圆顶龙,
camp manager,noun,,false,营地主管,
campground,noun,,false,,
camphine,noun,,false,,
campsite,noun,,false,,
camptosaurus,noun,,false,弯龙,
can hold,,,false,,
canister,,,false,,
canister,noun,high-pressured liquefied gas container,false,罐,
canister shot,,,false,,
canned,adjective,,false,,
canvas sack,,,false,帆布袋,
cap & ball,adjective,,false,,
capacitor,noun,,false,,
carabiner,noun,,false,,
carbide,noun,,false,碳化物,
carcass,noun,,false,胴体,
cardio,noun,,false,,
carrot,noun,,false,胡萝卜,
carrots,noun,,false,胡萝卜,
cartridge,noun,,false,弹药,
cartridges,noun,,false,弹药,
case,noun,,false,,
caseless,adjective,,false,无壳,
casing,,,false,,
casings,noun,part of a round (firearms),false,弹壳,
casserole,noun,,false,,
caster,noun,,false,,
cat,,,false,,
cellar,noun,,false,,
ceratosaurus,noun,,false,角鼻龙,
certified note,noun,,false,,
chainmail,noun,,false,链甲,
chainmail,adjective,,false,锁环,
chance,noun,,false,,
character,noun,as in “player character”,false,角色,
chassis,noun,of a robot/drone,false,,
cheese,noun,,false,奶酪,
chicken walker,noun,,false,双足机器人,
chickenbot,noun,,false,,
chickenwalker,noun,,false,双足机器人,
chickenwalkers,noun,,false,双足机器人,
chickenwire,noun,,false,,
chili pepper,noun,,false,,
chocolate,noun,,false,巧克力,
choke,,,false,喉缩,
chokehold,noun,,false,收束器,
chop shop,,,false,,
chop shop,noun,place to salvage parts from vehicles,false,拆车场,
chromium,noun,,false,铬,
chunk,noun,,false,,
churn,verb,,false,,
citrine,noun,,false,黄水晶,
citrines,noun,,false,黄水晶,
clean water,noun,,false,净水,
cleaner bot,noun,,false,,
cleanerbot,,,false,,
cleansing agent,noun,,false,,
clear water,noun,,false,,
clearcrete,noun,,false,清凝土,
clip,noun,Wikipedia: “a device for storing multiple rounds together as a unit before inserting into a magazine or cylinder”; https://en.wikipedia.org/wiki/Clip_%28firearms%29,false,弹夹,
close quarters combat,,,false,,
closed bolt,noun,,false,,
cloth,noun,,false,,
club,noun,,false,,
clump,noun,,false,,
coal,noun,,false,煤炭,
coat,noun,,false,大衣,
coffin,noun,,false,,
coilgun,noun,,false,线圈枪,
coincidentally,adverb,,false,,
college,noun,,false,,
compatible,adjective,,false,兼容,
concrete,,,false,,
concrete,noun,,false,混凝土,
contact your SRCF administrator,,,false,,
container,noun,,false,容器,
contentedness,noun,,false,,
contract,noun,,false,,
controls,noun,in vehicle,false,,
cook-shack,noun,,false,烹饪小屋,
copies of,,"Sometimes used as part of the plural of some book titles, e.g. “copies of The Trapper's Companion”
注意：此词组用于在英文原文中表示书籍的复数，由于中文翻译不支持复数或量词，包含此词组的书籍名称应全部翻译为单数形式。",false,,
cordage,,,false,,
core,noun,,false,核心,
cores,noun,,false,核心,
corn tortillas,noun,,false,墨西哥饼,
corpse,,,false,,
corpses,,,false,,
corythosaurus,noun,,false,冠龙,
cotton,noun,,false,棉,
cougar,noun,,false,,
counter,,,false,,
craft,verb,,false,制造,
craftbuddy,noun,,false,制造小帮手,
craftbuddys,noun,,false,制造小帮手,
cranberries,noun,,false,蔓越莓,
cranberry,noun,,false,蔓越莓||克兰伯里,
craving,noun,,false,上瘾,
crew,noun,,false,成员,
crew cut,noun,,false,,
crop overseer,noun,,false,农场主管,
crossbow,noun,,false,弩,
crossbows,noun,,false,弩,
crosshair,noun,,false,,
crude,adjective,,false,简易,
crush,,,false,,
cubierta de papel,,,false,,
cucumber,noun,,false,黄瓜,
cucumbers,noun,,false,黄瓜,
cufflinks,noun,,false,,
curarine,noun,,false,,
custom-built,adjective,,false,自制,
customized,adjective,,false,自制,
cutlass,noun,,false,,
cutting,adjective,,false,斩击,
cutting damage,noun,,false,斩击伤害,
cyborg,noun,,false,,
dab pen,,,false,,
daspletosaurus,noun,,false,惧龙,
datasheet,noun,,false,,
debug,noun,,false,,
decoy,noun,,false,,
deep freeze,noun,,false,,
defense turret,noun,,false,防御炮塔,
deinonychus,noun,,false,恐爪龙,
delicacy,noun,,false,美食,
deluxe,,,false,,
demihuman,adjective,,false,,
depressant,noun,,false,,
deputy,noun,,false,议员,
derringer,noun,,false,,
detachable,adjective,,false,可拆卸,
device,noun,,false,设备,
dexterity,noun,,false,敏捷,
diamond,adjective,,false,钻石,
diamonds,noun,,false,钻石,
diesel,adjective,,false,,
diesel,noun,,false,柴油,
dilophosaurus,noun,,false,双脊龙,
dimethyl sulfoxide,noun,,false,二甲基亚砜,
dimorphodon,noun,,false,双型齿翼龙,
dining hall,noun,,false,,
diplodocus,noun,,false,梁龙,
disarmed,adjective,,false,缴械,
disassemble,noun,,false,,
disassemble,verb,,false,拆解,
disassembly,verb,,false,,
disc,noun,,false,圆盘,
dispatch,noun,,false,,
dispersion,,,false,散布,
distillate cartridge,noun,,false,,
do in a pinch,adjective,,false,,
dodging,noun,,true,,
dogbane,noun,,false,,
draft,noun,,false,,
dragonhide,,,false,,
dragonscale,,,false,,
dromaeosaurus,noun,,false,驰龙,
drone,noun,,false,,
drop hammer,noun,,false,落锤,
druid,noun,,false,德鲁伊,
drum magazine,noun,,false,弹鼓,
dry stone,noun,,false,,
dryosaurus,noun,,false,橡树龙,
dryptosaurus,noun,,false,伤龙,
duct tape,noun,,false,强力胶带,
dummies,noun,,false,,
dummy,noun,,false,,
dumpster,noun,,false,,
durable,adjective,,false,,
duster,noun,,false,防尘风衣,
duster coat,noun,,false,,
dyoplosaurus,noun,,false,倍甲龙,
earthshaper,,,false,,
edmontonia,noun,,false,埃德蒙顿甲龙,
edmontosaurus,noun,,false,埃德蒙顿龙,
eerie,adjective,,false,,
eggs,noun,,false,蛋,
elderberry,noun,,false,接骨木果,
electrohack,noun,hacking device to hack stuff like keypads,false,电子黑客仪,
emblazoned,adjective,,false,,
embrasure,noun,,false,,
emerald,noun,,false,祖母绿,
encumbrance,noun,refers to clothing encumbrance,false,累赘,
engagement rule,noun,,false,作战条令,
engine,noun,,false,引擎,
engrave,verb,,false,,
entrails,noun,,false,内脏,
epoxy,noun,,false,,
escape pod,noun,,false,,
espatier,,Space Marine.,false,星际战士,
essence,noun,,false,精萃,
estoc,noun,,false,,
examine,verb,,false,,
exosuit,,Aftershock的exoskeleton suit，此处为游戏性方便私译为动力装甲。,false,动力装甲,
exosuit,noun,Aftershock的exoskeleton suit，此处为游戏性方便私译为动力装甲。,false,动力装甲,
expansion,noun,additional construction for camps,false,扩展区,营地的额外建设
extended magazine,noun,larger magazine for guns,false,扩充弹匣,
eyebot,,,false,,
eyebot,noun,,false,,
eyestalk,noun,,false,,
fabric,,,false,,
faction,noun,,false,派系,
faction camp,noun,,false,派系营地,
factions,noun,,false,派系,
factory specification,noun,,false,工厂生产,
fairy tale,noun,,false,,
faith,noun,,false,,
farthing,,,false,,
faux fur,noun,,false,,
felt,noun,,false,毛毡,
fence,noun,,false,,
field dress,verb,,false,清理内脏,
field dressing,noun,,false,清理内脏,
filling,adjective,,false,,
filthy,adjective,"Describes a piece of clothing which is badly dirty and stinks, is dropped from zombies. The player might get penalties for wearing it, such as being infected.",false,肮脏,
firearm,noun,,false,枪械,
firearms,noun,,false,枪械,
firefighter,noun,,false,消防员,
firefighters,noun,,false,消防员,
fireplace,noun,,false,,
fireweed,noun,,false,,
firing pin,noun,,false,,
five point harness,noun,,false,五点式安全带,
flamethrower,noun,,false,火焰喷射器,
flaming,adjective,,false,燃烧,
flashlight,,,false,,
flechette,noun,ammo type,false,镖形弹,
fluid sac,noun,,false,液囊,
flush fitting,adjective,,false,,
foamcrete,noun,,false,,
focus,,,false,,
focus,noun,,false,,
fog,noun,,false,,
foil,noun,,false,,
foldable,adjective,,false,可折叠,
food dehydrator,noun,,false,食品脱水机,
foodstuff,noun,,false,,
forward grip,noun,,false,,
fowl,noun,,false,,
fpoon,noun,,false,,
frame,noun,,false,,
free merchants,noun,,false,,
freezer,noun,,false,冰柜,
freezers,noun,,false,冰柜,
fresh water,noun,,false,,
freshwater,noun,,false,,
fridge,noun,,false,,
fried eggs,,,false,煎蛋,
frill,noun,,false,,
frog,noun,,false,,
frostbite,noun,,false,冻伤,
frosted glass,noun,,false,毛玻璃,
fruit,noun,,false,水果,
fumes,noun,,false,,
fungaloid,noun,,false,真菌体,
fungicide,noun,,false,抗真菌剂,
funnel,noun,,false,漏斗,现在，漏斗有了其他用途（灌肠），所以不应该再翻译成集雨器了。
fur,noun,"item material, not on animal anymore; made from source material: pelt",false,毛皮,
fur pelt,noun,,false,毛皮,
fuse,noun,,false,,
fuses,noun,,false,,
fusion,,,false,,
fuze,noun,,false,,
gallimimus,noun,,false,似鸡龙,
gallon jug,noun,,false,加仑壶,
aketons||aketon,noun,可近似看gambeson。都是穿在护甲下的衬垫类衣物，唯一的区别是gambeson有时可单穿，而aketon专门穿在其他护甲下。都是绗缝工艺制作。,false,衬铠,
garden pot,noun,,false,花盆,
garden pots,noun,,false,花盆,
garlic,noun,,false,大蒜,
garnet,noun,,false,石榴石,
gasoline,,,false,,
gasoline,noun,,false,汽油,
gauntlet,noun,,false,护手,
gauntlets,noun,type of gloves,false,护手,
gel,noun,,false,凝胶,
genetic drift,noun,,false,,
giant,,,false,,
glass,adjective,,true,,
glass,noun,,false,玻璃,
glassteel,noun,,false,,
glazed,adjective,,false,,
glock,,,false,,
gluten free,adjective,,false,无麸质,
golemancer,noun,,false,,
goo,noun,,false,粘液,
goop,,,false,,
goop,noun,,false,,
gorget,,,false,,
gorgosaurus,noun,,false,戈尔冈龙,
gr,,grain (unit),false,格令,
gr.,noun,,false,,
graduated cylinder,noun,,false,量筒,
grain,,unit,false,格令,
grape,noun,,false,葡萄,
grass spider,noun,,false,,
gravel,noun,,false,,
grenade hack,,,false,,
grenade launcher,noun,,false,榴弹发射器,
grenade launchers,noun,,false,榴弹发射器,
grip,noun,,false,握把,
gritty,adjective,,false,,
grocery bot,,,false,,
grocery bot,noun,,false,,
growable pot,noun,,false,花盆,
growing,adjective,,false,生长||变得||增长,
guardin gnome,noun,,false,,
hack,noun,,false,,
hadrosaurus,noun,,false,鸭嘴龙,
halberd||halberds,noun,,false,战戟,
halfpike,noun,,false,,
hand drill,noun,,false,,
hand-loaded,adjective,,false,复装,
handguard,noun,,false,,
handgun,noun,,false,手枪,
handloaded,adjective,,false,复装,
handmade,adjective,,false,自制,
haphazardly,adverb,,false,,
hard hat,,,false,,
hard hats,,,false,,
hard hats and helmets,,,false,,
hardcover,,,false,,
hardcover,adjective,,false,精装,
hatchet,noun,,false,,
hauling rig,noun,,false,,
hazelnut,noun,,false,,
headlamp,,,false,,
headlamp,noun,,false,,
headshot,noun,,false,爆头,
heating element,noun,,false,加热元件,
heavy,adjective,,false,,
heavy cream,noun,,false,,
hefty,adjective,,false,,
helipad,noun,,false,,
herbal remedies,noun,,false,,
hexamine,noun,,false,,
hexogen,noun,,false,,
hey,,,false,,
hickory,adjective,,false,,
hide,noun,"crafting material dropped by monsters, can be made into leather",false,皮,
hide,verb,,false,隐藏,
hide site,noun,,false,藏匿点,
high carbon steel,noun,,false,高碳钢,
high steel,noun,,false,高碳钢,
hollow point,,used as prefix (see “hollow point bullet”),false,空尖弹,
hollow point bullet,noun,,false,空尖弹,
hollow point bullets,noun,,false,空尖弹,
holographic sight,noun,,false,全息瞄准镜,
holster,noun,,false,枪套,
home-built,adjective,,false,自制,
homebase,noun,,false,,
homebrewing,noun,,false,,
homemade,adjective,,false,自制,
hop,noun,,false,啤酒花,
hopper,noun,,false,漏匣,
hops,noun,,false,啤酒花,
horse farm,noun,,false,,
hot dog,noun,,false,,
hotplate,noun,,false,电炉,
hotwire,verb,"hot-wiring, a method of starting a car with no key",false,短接,
housefly,noun,,false,,
hp,noun,horse power,false,,
huckleberry,noun,,false,越橘,
huge,adjective,,false,,
hulk,,,false,,
hulk,noun,,false,,
hull,noun,Shotgun shell,false,弹壳,
hydraulic,adjective,,false,液压,
hydrochloric acid,verb,,false,,
hydrogen,noun,,false,氢,
hydrogen peroxide,noun,,false,,
if supplied with power from UPS,,,false,,
impending,adjective,,false,,
improvised,adjective,,false,自制,
in a pinch,,,false,,
inactive,adjective,,false,关,
incompatible,adjective,,false,不兼容,
infused,adjective,,false,,
integral,adjective,(UK) contained within something; not separate,false,内置,
intelligence,noun,,false,智力,
intercom,noun,,false,,
inventory,noun,,false,,
invlet,noun,short for “inventory letter”,false,快捷键,
iron sight,noun,,false,机瞄,
irradiated,adjective,as in “irradiated food”,false,辐照,
item,noun,,false,物品,
jar,noun,,false,,
jerky,noun,,false,,
jet injector,noun,,false,注射器,
juggernaut,noun,,false,,
jumper cable,noun,,false,,
jumpsuit||jumpsuits,pronoun,,false,连体衣||连身衣||连体||连身,
juniper,noun,,false,杜松子,
juniper berry,noun,,false,杜松子,
junk shop,noun,,false,旧货店,
junkfood,noun,,false,垃圾食品,
junkshop,noun,,false,旧货店,
juvenile,adjective,,false,,
keg,noun,,false,桶,
kelvinist,noun,,false,炽霜法师,
kelwins,noun,,false,,
kerosene,noun,,false,,
kevlar,noun,,false,凯夫拉,
key,noun,,false,,
keybinding,noun,,false,按键设置,
kidney,noun,,false,,
killophant,noun,,false,,
kiln,noun,,false,窑,
kilt,noun,,false,苏格兰短裙,
knife,noun,,false,刀,
knock out,verb,,false,,
knuckleduster,noun,,false,,
kompot,noun,,false,,
kosmoceratops,noun,,false,科斯莫角龙,
krabgeks,noun,,false,魔眼怪,
kssht,interjection,,false,,
lab defense bot,,,false,,
lab defense bot,noun,,false,实验室防御机器人,
lab journals,,,false,,
lactose free,adjective,,false,无乳糖,
lard,noun,,false,,
larder,noun,,false,,
laser,noun,,false,激光,
laser sight,noun,,false,激光瞄具,
latch,noun,,false,,
lathe,noun,,false,,
launcher,noun,,false,发射器,
launchers,noun,,false,发射器,
leather,adjective,,false,,
leather,noun,,false,皮革,
leech,noun,,false,,
leg arm,noun,,false,,
leg guards,,,false,,
lentils,noun,,false,,
lesser,adjective,,false,,
level,verb,,false,级,
lever action,adjective,,false,,
ley line,noun,,false,灵脉,
ley lines,noun,,false,灵脉,
light batteries,noun,,false,,
light battery,noun,,false,,
lightweight,adjective,,false,轻便,
limb,noun,,false,,
limbs,noun,,false,,
liver,noun,,false,,
living quarters,noun,,false,,
living room,noun,,false,,
lizardfolk,adjective,,false,,
loader,noun,,false,装弹器,
locker,,,false,,
locket,noun,,false,,
log,noun,,false,,
loincloth,noun,,false,兜裆布,
long pork,noun,cannibal's slang term for human meat,false,人肉,
long-pork,noun,cannibal's slang term for human meat,false,人肉,
loot,,,false,,
loot,noun,,false,战利品,
loudspeakers,noun,,false,喇叭,
low carbon steel,noun,,false,,
lump,,,false,,
lump,noun,,false,,
lurker,noun,,false,,
lycra,noun,,false,氨纶,
machine gun,noun,,false,机枪,
machine pistol,noun,,false,连发手枪,
machinegun,noun,,false,,
made from lightweight Nomex fire-resistant fabric.,,,false,,
made from thin and lightweight Nomex fabric.,,,false,,
made sweeter and healthier with the addition of wholesome fruit.,,,false,,
magazine,,,false,弹匣||杂志,
magazine,noun,,false,,
magazines,noun,,false,弹匣||杂志,
magus,noun,,false,魔术师,
maiasaura,noun,,false,慈母龙,
maintenance security drone,,,false,,
makeshift,,,false,临时||简易||自制||简易自制,
makeshift,adjective,,false,临时||简易||自制||简易自制,
mall,noun,,false,,
mana,,,false,,
mana,noun,,false,魔力,
manatricity,noun,,false,,
mandibles,noun,,false,,
manhack,noun,a robot,false,飞锯无人机,
manhacks,noun,,false,飞锯无人机,
manhole,noun,,false,,
map extra,noun,,false,地图事件,
maple syrup,noun,,false,,
marshal,noun,,false,执法官,
marshall,noun,,false,,
mash,noun,,false,,
massive,adjective,,false,巨型,
mastodon,noun,,false,乳齿象,
materiel,noun,,false,,
mech,,,false,,
mech,noun,,false,,
medium carbon steel,noun,,false,,
medium steel,noun,,false,中碳钢,
megastore,noun,,false,购物广场,
melee,,,false,近战,
melee weapon,noun,,false,近战武器,
mend,verb,,false,,
menial labor,noun,,false,干杂活,
merch,noun,,false,商会币,
mesh,noun,,false,,
metal,adjective,,false,金属,
mi-go resin,,,false,米戈树脂,
microreactor,noun,,false,核反应堆,
mild steel,noun,,false,低碳钢,
milk cream,noun,,false,,
milspec,noun,"MIL-SPEC, written as single word for readability. MIL-SPEC is the code name for “Defense Specification” and an United States Military Standard. Feel free to treat this one either as a proper name or a descriptor.
See: https://en.wikipedia.org/wiki/United_States_Military_Standard",false,军用,
miner bot,noun,,false,钻掘机器人,
mininuke,noun,small nuclear explosive,false,微型核弹,
mininuke hack,,,false,,
mist,noun,,false,,
mod,noun,,false,模组||模块,
module,noun,,false,模组||模块,
modules,noun,,false,模组||模块,
moonshine,noun,"Refers to a home-made (!) high-proof distilled spirit. In your translation, ignore the “illegal” connotation of the term.",false,私酿威士忌,
morale,noun,,false,心情,
mosasaurus,noun,,false,沧龙,
moves,,,false,行动消耗,
mug,noun,,false,打劫,
mulberry,noun,,false,桑椹,
multitool,noun,,false,,
mutagen,noun,,false,诱变剂,
muzzle,noun,gun part,false,枪口,
nanofabricator,,,false,,
nanofabricator,noun,,false,纳米制造,
nanomesh,noun,,false,,
nanuqsaurus,noun,,false,白熊龙,
nearby,,,false,,
necklace,noun,,false,,
neoprene,noun,,false,氯丁橡胶,
nevertheless,adverb,,false,,
next-to-skin,adjective,,false,贴身,
niter,noun,,false,硝石,
no auto pickup zone,noun,,false,不拾取区域,
nodosaurus,noun,,false,结节龙,
nothronychus,noun,,false,懒爪龙,
nurse bot,,,false,,
nurse bot,noun,,false,,
nutmeg,noun,,false,肉豆蔻,
nutriment,,,false,,
nylon,noun,,false,尼龙,
oat,noun,,false,燕麦,
oats,noun,,false,燕麦,
occult,adjective,,false,,
of the Free Merchants,pronoun,,false,,
offal,noun,,false,内脏,
offroad,noun,,false,,
onyx,noun,,false,玛瑙,
oozing,adjective,"blob-related, mostly for vehicle parts",false,软泥,
opal,noun,,false,蛋白石,
opals,noun,,false,蛋白石,
open bolt,noun,,false,,
orichalcum,noun,,false,,
ork,noun,,false,,
ornithomimus,noun,,false,似鸟龙,
oryctodromeus,noun,,false,掘奔龙,
otherland,noun,,false,,
otherworldly,adjective,,false,,
outer,adjective,,false,,
overbore,,,false,,
overhead lights,noun,Vehicle floodlights and red&blue lights,false,车顶灯,
overlay,noun,,false,,
overmap,,,false,,
overmap,noun,,false,大地图,
owlbear,,,false,,
owlbear,noun,magical creature from dnd,false,枭熊,
pachycephalosaurus,noun,,false,厚头龙,
pachyrhinosaurus,noun,,false,厚鼻龙,
padding,noun,,false,,
paddock,noun,,false,,
painstakingly,adverb,,false,,
pair,,,false,,
pair of boots,,,false,靴,
pairs,,,false,,
pallet,noun,,false,,
pallets,noun,,false,,
pamphlet,noun,,false,,
pan magazine,noun,,false,盘式弹匣,
pancake,noun,,false,,
pantry,noun,,false,,
paper wrapper,noun,,false,,
paperback,,,false,,
paperback,adjective,,false,平装,
parasaurolophus,noun,,false,副栉龙,
party,noun,group/faction of people,false,团,
passionfruit,noun,,false,百香果,
patch,noun,,false,,
pearl,noun,,false,珍珠,
pearls,noun,,false,珍珠,
pebble,noun,,false,石子,
pecan,noun,,false,美洲山核桃,
peep,noun,,false,窥孔,
pellets,noun,,false,,
pelt,,,false,,
pelt,noun,"material dropped by monsters, can be made into fur",false,毛皮,
pen,noun,,false,,
pendant,noun,,false,,
penetrator,noun,,false,穿甲弹,
pentaceratops,noun,,false,五角龙,
perception,noun,,false,感知,
perch,noun,,false,,
peridot,noun,,false,橄榄石,
peridots,noun,,false,橄榄石,
phase skulker,,,false,,
phyle,noun,,false,,
physician,noun,,false,,
piercing,adjective,,false,刺击,武器的一种伤害类型
pike (fish),noun,,false,,
pike (weapon),noun,,false,,
pike pole,noun,,false,,
pinch in,verb,multi-touch screen gesture: move two fingers together,false,双指内缩,
pinch out,verb,multi-touch screen gesture: move two fingers apart,false,双指外张,
pipe,noun,,false,钢管,
pistol,noun,,false,手枪,
pistols,noun,,false,手枪,
pixel minimap,noun,,false,小地图,
plank,noun,,false,,
planter,noun,,false,种植箱||播种机,
plantillas,,,false,,
plasma,noun,,false,等离子,
plastic,noun,,false,塑料,
plating,noun,,false,装甲板,
plutonium,noun,,false,钚,
plywood,noun,,false,,
poker,noun,,false,,
pole,noun,,false,,
polearm,noun,,false,长柄武器,
police bot,,,false,,
police bot,noun,,false,警用机器人,
polyester,noun,,false,,
power armor,,,false,动力装甲,
power cutter,noun,,false,动力切割机,
power grid,noun,,false,,
pre-Cataclysm,,,false,,
prepper,noun,,false,,
preset,noun,,false,,
pressurized,adjective,,false,加压,
pretty useless now though.,,,false,,
primer,noun,,false,底火||引物,
priming,,,false,,
privacy fence,noun,,false,,
profession,noun,,false,职业,
proficiencies,,,false,专长,
proficiencies,noun,,false,专长,
proficiency,noun,,false,专长,
propellant,noun,,false,,
proprietary,adjective,,false,,
pteranodon,noun,,false,无齿翼龙,
pulp,verb,destroying a corpse to make sure it doesn't go up again,false,捣碎,
pump action,adjective,,false,,
purifier,noun,,false,,
purslane,noun,,false,,
quadcopter,noun,,false,,
quality,noun,,false,功能||质量,
quality (n),noun,,false,质量,
quarter,verb,for butchering,false,四分体,
quarterboard,noun,,false,半隔板,
quartermaster,,,false,,
quarterpanel,noun,,false,半隔板,
quarterstaff||quarterstaves,noun,,false,长棍,
quetzalcoatlus,noun,,false,风神翼龙,
quicklime,noun,,false,,
rabbit,,,false,,
rabbit,noun,,false,兔,
rack,noun,,false,弹药架,
racks,noun,,false,弹药架,
radiation sickness,,,false,,
radioisotope thermal generator,noun,,false,,
rag,noun,,false,布条,
raiders,,,false,,
rail,noun,,false,导轨,
railgun,noun,,false,轨道炮,
railguns,noun,,false,轨道炮,
railing,noun,,false,,
ram,noun,vehicle part,false,撞锤,
rammed earth,noun,,false,夯土,
ranged weapon,noun,,false,远程武器,
rapier,,,false,,
rapier,noun,,false,,
raspberry,noun,,false,木莓,
rat-shot,noun,shotgun ammo type,false,猎鼠弹,
raw skin,,,false,,
razorclaw,,,false,,
razorclaw,noun,monster from fallout series,false,利爪怪,
reach attack,noun,,false,远距攻击,
reach weapon,noun,,false,,
ream,verb,,false,,
rebar,noun,,false,,
recipe,noun,,false,,
recoil,adverb,,false,,
recoil,noun,,false,后坐力,
red dot sight,noun,,false,红点瞄准镜,
refrigerator,noun,,false,冰箱,
reinforce concrete,,,false,,
reinforced glass,noun,,false,强化玻璃,
reload,verb,,false,装填,
reloaded,adjective,ammo made by survivor from used shell,false,复装,
reloading,verb,,false,装填,
requires restart,,,false,,
resonance cascade,noun,,false,串联共振,
response,noun,,false,回复,
revivification,noun,,false,,
revolver,noun,,false,左轮手枪,
rifle,,,false,,
rifle,noun,,false,步枪,
rifles,noun,,false,步枪,
riot control bot,,,false,,
ripe,adjective,,false,已成熟,
robo-gaurdians,noun,,false,守护者机器人,
robot,noun,,false,机器人,
robots,noun,,false,机器人,
rocket candy,noun,sugar-based rocket propellent,false,火箭软糖,
rocket launcher,noun,,false,火箭发射器,
rocuronium,noun,,false,,
rollerblades,noun,,false,,
root cellar,noun,,false,,
rope,noun,,false,绳,
rotary magazine,noun,,false,螺旋弹匣,
rotovap,noun,,false,,
rotten,adjective,for rotten food,false,腐坏,
round,noun,,false,,
royal blue,adjective,,false,,
rubber mulch,noun,,false,,
rubies,noun,,false,红宝石,
ruby,noun,,false,红宝石,
rucksack,noun,,false,帆布包,
rust,noun,,false,,
rye,noun,,false,,
saber,noun,,false,,
sabre,noun,,false,,
safe,noun,,false,,
safe mode,noun,,false,安全模式,
sage-green,adjective,,false,,
saltpeter,noun,,false,硝石,
salvaged,,,false,回收,
sandman,noun,,false,,
sandwich,noun,,false,三明治,
sandwiches,noun,,false,三明治,
sapling,noun,,false,,
sapphire,noun,,false,蓝宝石,
sapphires,noun,,false,蓝宝石,
sassafras,noun,,false,,
saurornitholestes,noun,,false,蜥鸟盗龙,
sausage,noun,,false,,
scabbard,noun,,false,,
scavenge,,,false,,
scavenge,verb,gather resources of all sorts,false,拾荒,
scavenger,,,false,,
scavenger,noun,,false,拾荒者,
scavenging raid,noun,,false,拾荒行动,
schematic,noun,,false,原理图,
sclerotin,noun,,false,,
scope,noun,on firearms,false,瞄准镜,
scopes,noun,on firearms,false,瞄准镜,
scorched,adjective,,false,,
scrap,adjective,,false,废料,
scrap it for parts,,,false,,
scream mushroom,noun,,false,,
scrip,,,false,,
scroll,noun,,false,,
scutellosaurus,noun,,false,小盾龙,
sealed jar,noun,,false,密封罐头,
sealed jars,noun,,false,密封罐头,
searchlight,,,false,,
secubot,noun,,false,,
securely tied together for easier transport.  Disassemble to untie them.,,,false,,
securibot,noun,Also 'security bot',false,保安机器人,
security bot,,,false,,
security bot,noun,Also 'securibot',false,保安机器人,
security drone,,,false,,
serum,noun,,false,血清,
shack,,,false,,
shady zombies,,,false,,
shaman,noun,,false,,
shambler,,,false,蹒跚者,
shape-memory alloy,noun,,false,,
sheath,noun,,false,,
shed,noun,,false,,
sheet,noun,,false,,
sherry,noun,,false,,
shingle,noun,,false,,
shiv,noun,,false,,
shocker zombie,,,false,,
shortcut,noun,,false,快捷键,
shot,noun,shotgun ammo,false,霰弹||射击,
shot,verb,,false,开枪||射,
shotgun,,,false,,
shotgun,noun,,false,霰弹枪||霰弹,
shotguns,noun,,false,霰弹枪||霰弹,
shrapnel,,,false,,
shrapnel,noun,,false,,
shrub,noun,,false,灌木,
side sword,noun,,false,,
sidebar,noun,,false,,
silver,,,false,银,
sinew,noun,,false,,
siphon,verb,of fuel,false,抽取,
skill,noun,,false,技能,
skillet,noun,,false,,
skills,noun,,false,技能,
skirmisher,noun,,false,,
skitterbot,,,false,,
skitterbot,noun,,false,,
slide,noun,,false,,
slime,noun,,false,变形怪,
slime (n),noun,,false,,
slimes,noun,,false,变形怪,
slimespring,noun,,false,变形怪同伴,
sling,noun,,false,,
slingshot,,,false,,
slingshot,noun,,false,弹弓,
slingshots,,,false,,
sliver,noun,,false,,
sludge,,,false,,
slug,noun,shotgun ammo type,false,独头弹,
slugs,noun,"shotgun ammo type, plural",false,独头弹,
slurry,noun,,false,,
smartphone,,,false,,
smoking rack,noun,,false,烟熏架,
smoothbore,adjective,,false,,
snail magazine,noun,,false,蜗式弹匣,
snare,noun,kind of trap with a rope,false,陷阱,
soft point bullets,noun,,false,软尖弹,SP
solar pack,noun,,false,太阳能背包,
soot,noun,,false,,
spare parts,,,false,,
spare parts,noun,,false,零件,
spawn,verb,,false,,
spec,noun,,false,,
speedloader,noun,,false,快速装弹器,
spell,noun,,false,法术,
spellcraft,noun,,false,,
spiderling,noun,,false,,
spiked,adjective,"1.slang term to describe a drink or dish to which alcohol or another drug has been added to it NOTE: only used in spiked eggnog, suggest to remove.
2. with spike",false,,
spinwheel,,,false,,
spire,noun,giant Fungal structure,false,,
splint,noun,,false,,
splintered wood,,,false,,
split rail fence,noun,,false,,
springstaff,noun,,false,,
springstaves,noun,,false,,
spurge,noun,,false,大戟,spurge大戟，大戟科植物。原译名“锦地草”未找到可靠来源，搜索结果重定向为“地锦草”，而地锦草（Humifuse Euphorbia Herb）虽然为大戟科植物却并无游戏中的治疗咳喘效果，有治哮喘药效的只有“大戟”这一译名相符。另外，严格字符串匹配搜索“锦地草”所能找到的最早文献资料是写于清朝的《本草易读》一书；本书是对《本草纲目》的注释读本，但搜索《本草》全书并未找到“锦地草”一词，只有“地锦”，与上述结果相符，怀疑“锦地草”是该作者讹误或方言；再者，“锦地草”所能查到的最权威信息“美洲锦地草”来自一个名为“爱查查”的不知名查询网站并被可靠性存疑的“中英文花卉译名.doc”采用，然而谷歌同页下方就有正确译名“美洲地锦”。综上，认定spurge应为大戟而非地锦或“锦地草”。敦促相关人员端正态度。
staff,noun,,false,,
staff sling,noun,,false,,
stall,noun,,false,,
stamina,,,false,,
stamina,noun,,false,耐力,
stat,noun,,false,属性,
stats,noun,,false,属性,
steam engine,,,false,,
steam turbine,,,false,,
steampunk,adjective,,false,,
steed,noun,,false,,
steel barrel with a watertight lid.,,,false,,
steerable,,,false,,
stegosaurus,noun,,false,剑龙,
stem,noun,,false,,
stenonychosaurus,noun,,false,伤齿龙,
sterile,adjective,,false,无菌,
sterilize,verb,,false,灭菌,"灭菌需要区别于消毒，其手段通常更加极端（如高压蒸汽灭菌、干热灭菌）。
通常用于对微生物杀灭程度要求极高的场合，如医疗器械、食品安全领域。"
stick magazine,noun,,false,条形弹匣,
still,noun,,false,,
still in their shell.,,,false,,
stimulant delivery system,noun,,false,兴奋剂注射器,
stirge,noun,,false,蚊蝠,
stirges,noun,,false,蚊蝠,
stopping power,noun,,false,停止力,
storage,noun,,false,存储空间,
storage batteries,noun,,false,蓄电池,
storage battery,noun,,false,蓄电池,
storeroom,noun,,false,,
stout,adjective,,false,,
stove,noun,,false,,
strapped,adjective,,false,,
straps,noun,,false,,
strawberry,noun,,false,草莓,
stray,noun,,false,,
strength,noun,,false,力量,
stress,noun,,false,,
string,noun,,false,,
stringy,adjective,,false,,
struthiomimus,noun,,false,似鸵龙,
stun,,,false,,
stun,verb,,false,击晕,
submap,noun,,false,子地图,
subway,noun,,false,,
sulfur,noun,,false,硫磺,
summon,,,false,,
sunfish,noun,,false,,
suppressor,noun,,false,消音器,
surface people,,,false,,
survivalist,,,false,,
sweetbread,noun,,false,杂碎,
sweetbreads,noun,,false,杂碎,
t-substrate,,,false,,
tablet,,,false,,
tablet,noun,,false,,
tainted,adjective,for food dangerous to consume,false,被感染,
tallow,noun,,false,,
talon,noun,,false,,
tannery,,,false,,
tanning,noun,,false,,
target pistol,noun,,false,,
tazer,noun,or taser,false,电击枪,
tazers,noun,,false,电击枪,
teargas,noun,,false,催泪瓦斯,
technomancer,noun,,false,科技法师,
telepad,noun,,false,,
tempered sheet,,,false,,
template,noun,,false,模板,
tendril,noun,,false,,
terrain,noun,,false,地形,
test tube,noun,,false,试管,
test tubes,noun,,false,试管,
textbook,noun,,false,,
that ends with a small orifice at the tip.  Glistening liquid seems to drip out periodically.,,,false,,
the Arrival,noun,,false,降临之日,
the Discontinuity,noun,,false,大隔绝,
the Man,noun,slang term for “the powers that be”,false,,
their,pronoun,,false,,
their shells have been removed.,,,false,,
"this could grant access at one control panel, if you can find one.",,,false,,
"this could grant one-time access to athis could grant one-time access to a card reader, if you can find one. card reader, if you can find one.",,,false,,
thorny,adjective,,false,,
threshold,noun,,false,,
thrust,,,false,,
thunderous,adjective,,false,,
tile,noun,"one ingame step, size may vary.",false,格,
tileset,noun,,false,,
tinder,noun,,false,,
titanium,noun,,false,钛,
toad,noun,,false,,
toecaps,noun,,false,,
token,noun,,false,,
tomato,noun,,false,番茄,统一一下吧，一会儿番茄一会儿西红柿的，不好搜索
tomatoes,noun,,false,番茄,
tongue-in-groove,noun,,false,,
torosaurus,noun,,false,牛角龙,
torvosaurus,noun,,false,蛮龙,
tourmaline,noun,,false,电气石,
tourmalines,noun,,false,电气石,
towel,,,false,,
tracer,noun,ammo type,false,曳光弹,
trailhead,noun,,false,林间小径起点,
trait,,,false,,
trait,noun,,false,特性,
traits,noun,,false,特性,
tramadol,noun,,false,曲马朵,
translocator,noun,,false,,
traveler,noun,,false,,
tray,noun,,false,托盘,
trays,noun,,false,托盘,
tread,noun,,false,,
tree trunk,noun,,false,,
trenchcoat,noun,,false,风衣,
tribot,noun,,false,,
triceratops,noun,,false,三角龙,
trifacet,,,false,,
triffid,noun,,false,,
triffids,noun,,false,三尖树,
troglobite,noun,,false,,
trout,noun,,false,,
tubular magazine,noun,,false,管状弹匣,
tunic,noun,,false,束腰外衣,
turnout gear,noun,,false,,
turret,noun,weapon mount,false,炮塔,
turrets,noun,,false,炮塔,
two by four,noun,also written as “2x4”,false,2x4木料,
ultra-light batteries,noun,,false,,
ultra-light battery,noun,,false,,
unarmed combat,noun,,false,徒手格斗,
uncanny,adjective,,false,,
undead,adjective,,false,不死,
undead,noun,,false,丧尸,
underbrush,noun,,false,灌木丛,
unified power supply,noun,,false,,
unsorted loot zone,noun,,false,待整理区,
uplifted,adjective,,false,,
uplifted,noun,,false,,
uplitfted,adjective,,false,,
ursine,adjective,,false,,
use this item to turn it off.,,,false,,
used for planting.,,,false,,
"used to carry items such as currency, identification documents, laminated cards, and other small items.",,,false,,
usually found near aquatic grass.,,,false,,
utahraptor,noun,,false,犹他盗龙,
utility belt,noun,,false,工具带,
vacuum sealer,noun,,false,真空封口机,
vacuum-packet,noun,,false,,
valve,noun,,false,阀,
valves,noun,,false,阀,
vambrace,,,false,,
vambrace,noun,,false,,
vat,noun,,false,,
vault,noun,"location name, a massive underground complex",false,避难所||保险柜,
vehicle,adjective,,false,车载,
vehicle,noun,,false,载具||车辆||车,
vehicle,verb,,false,载具,
vehicle mounted,adjective,,false,车载,
very,adverb,,false,,
vikeys,,,false,,
vines,noun,,false,,
vortex,noun,,false,漩涡,
wad,noun,,false,,
waffle,noun,,false,华夫饼,
wall,,,false,,
walleye,noun,,false,,
wash,noun,Wikipedia: “Term used in the production of distilled beverages. Wash is the finished product of fermentation destined to be distilled for the first time.”,false,淡酒,
washes,noun,Wikipedia: “Term used in the production of distilled beverages. Wash is the finished product of fermentation destined to be distilled for the first time.”. Plural form.,false,淡酒,
water dispenser,noun,,false,,
waterskin,noun,,false,皮水袋,
wattle and daub,adjective,,false,,
wattle-and-daub,noun,,false,木骨泥,
weapon,noun,,false,武器,
weapons,noun,,false,武器,
wear,verb,to wear an item as clothing,false,穿着,
weariness,,,false,,
weariness,noun,,false,,
wheat,noun,,false,小麦,
wheat-free,adjective,,false,,
wheat-free,noun,,false,无麸质,
wheel,,,false,,
whiskey,noun,,false,威士忌,
whitefish,noun,,false,,
wicker,noun,,false,,
wield,verb,to carry a weapon or other item in the hands/etc.,false,手持,
will allow us to house two more people.,,,false,,
will-o-wisp,noun,,false,,
wire cutter,noun,,false,剪线钳,
withdrawal,noun,of drugs,false,脱瘾症,
wizard,noun,,false,魔法师,
wizards,noun,,false,魔法师,
wood stove,noun,,false,,
wrapped around the belly.  Usually worn in combination with a chestwrap.  Provides a negligible protection against punches on your stomach.,,,false,,
wrapper,noun,,false,,
wretch,noun,,false,,
wyrm,noun,,false,,
yeast,noun,,false,,
z-level,noun,,false,Z轴,
zed,noun,slang for “zombie”,false,丧尸,
zeds,noun,slang for “zombies”,false,丧尸,
zinc,noun,,false,锌,
zombear,,,false,,
zombie,noun,,false,丧尸,
zombies,noun,,false,丧尸,
zone,noun,,false,,
zone manager,noun,,false,区域管理器,
épée,noun,,false,,
…,,,false,……,
nape,noun,,false,,
onyx,,,false,,
cobwebs,noun,,false,,
webs,noun,,false,,
wintergreen,noun,,false,,
wild garlic,noun,,false,,
firebrick,noun,,false,,
PDW,adjective,,false,Personal Defence Weapon(个人防卫武器),
holdover,noun,,false,,
surplus,noun,,false,,
regarded,adjective,,false,,
flash hider,noun,,false,,
ranger plate,noun,,false,,
genderqueer,adjective,,false,,
SNI,noun,,false,,
brass,noun,,false,,
консервоване,,,false,,
Консерва,pronoun,,false,,
flint,noun,,false,,
catalyst,noun,,false,,
coot,noun,,false,,
moorhen,noun,,false,,
grebe,noun,,false,,
bevor,noun,,false,,
microwave,noun,,false,,
makerspace,noun,,false,,
stirling,adjective,,false,,
boomer,noun,,false,,
memorial file,,,false,,
meta progression,,,false,,
item,,,false,,
items,noun,,false,,
staple,adjective,,false,,
cornbread,noun,,false,,
bolacha dura,noun,,false,,
gastropod,noun,,false,,
bulletin board,,,false,,
bare bones camp,,,false,,
barebones camp,,,false,,
sealab,noun,,false,,
powered armor,noun,,false,,
milkshake,noun,,false,,
plum,noun,,false,,
somehow,adverb,,false,,
hearty,adjective,,false,,
case hardened,adjective,,false,表面硬化||硬化,做后缀时用（硬化碳钢），或（表面硬化碳钢）。
mutant,noun,,false,,
tin,noun,,false,,
charging handle,noun,,false,,
quivering,adjective,,false,,
crayfish,noun,,false,,
raptor,noun,,false,,
raptors,noun,,false,,
woodlouse,noun,,false,,
woodlice,noun,,false,,
water tiger,noun,,false,,
flatbread,noun,,false,,
junkyard,noun,,false,,
heavy armor,noun,,false,,
protective,adjective,,false,,
roof,noun,,true,,
spacetime,noun,,false,,
round,adjective,,false,,
securely tied together for easier transport. Disassemble to untie them.,,,false,,
cloth-padded,,,false,,
leather-padded,,,false,,
survivor,,,false,,
cormorant,,,false,,
wakizashi,,,false,,
zweihänder,,,false,,
nodachi,,,false,,
broadswords,,,false,,
atana,noun,,false,,
katana,noun,,false,,
kriegsmesser,noun,,false,,
falx,noun,,false,,
lupine,adjective,,false,,
bicycle,,,false,,
motorbike,,,false,,
Valhallist,noun,,false,北欧福音派,
ethanol,noun,,false,乙醇,
compartment,noun,,false,,
impale,,,false,穿刺,
barbed,,,false,带刺,
STANAG,,,false,,
-round,,,false,,
Carbines,,,false,,
Mossberg,,,false,,
Browning,,,false,,
Remington,,,false,雷明顿,
lever-action,,,false,,
pump-action,,,false,,
carbine,,,false,,
helical magazines,,,false,弹筒||螺旋弹匣,
Bellsystem,,,false,,
GEIGER COUNTER,,,false,,
Press any key,,,false,,
frozen liquids,,,false,,
Stateside,adverb,,false,,
Reception Manager,noun,,false,,
bionic power,,,false,,
nursing home,noun,,false,,
knuckles,noun,,false,,
co-op,noun,,false,,
ballistic vest,noun,,false,,
pressurized,,,false,,
Rivtech,noun,,false,,
nomad armor,noun,,false,,
to-hit bonus,,,false,,
microjet,noun,,false,微型导弹,
alpha,adjective,,false,,
Elf-A,adjective,,false,,
bird,noun,,false,,
chelator,noun,,false,,
blanket,noun,,false,,
directions,noun,,false,,
Silvergram,noun,,false,希瓦格兰,
gastonia,noun,,false,加斯顿龙,
panoplosaurus,noun,,false,胄甲龙,
euoplocephalus,noun,,false,包头龙,
scolosaurus,noun,,false,厚甲龙,
prosaurolophus,noun,,false,原栉龙,
saurolophus,noun,,false,龙栉龙,
lambeosaurus,noun,,false,赖氏龙,
hypacrosaurus,noun,,false,亚冠龙,
styracosaurus,noun,,false,戟龙,
einiosaurus,noun,,false,野牛龙,
achelousaurus,noun,,false,河神龙,
chasmosaurus,noun,,false,开角龙,
Hub 01,,,false,,
sauropod,noun,,false,,
polymer,,,false,聚合材料,
sledge hammer,noun,,false,长柄大锤,
canvas,noun,,false,帆布,
arrow rest,noun,,false,,
tileset,,,false,,
hauberks,noun,,false,长衣,
mitre saw,noun,,false,,
table saw,noun,,false,,
rack,,,false,,
great sword,noun,,false,巨剑,
rainbow,noun,,false,,
XEDRA,,,false,XEDRA,
Zastava,,,false,,
shrug,verb,,false,,
compsognathus,noun,,false,美颌龙,
stegoceras,noun,,false,顶角龙,
giant,adjective,,false,,
Jotunn,noun,,false,,
awfully,adverb,,false,,
LMOE,,,true,,
Shady Hills,noun,,false,Shady Hills,
juveniles,noun,,false,幼崽,
SugarRush,noun,,false,,
Greasy Prospector,noun,,false,,
venison,noun,,false,,
Pressin,,,true,,
Wraitheon,noun,,false,,
HWP,,,true,,
root cellar,,,false,,
lurker,,,false,,
anesthetic,,,false,,
pre-1900,,,false,,
hand guard,noun,,false,护手,
rotating bolt,,,false,,
unfermented,adjective,,false,,
mansion,noun,,false,,
amalgamations,noun,,false,,
phase immersion suit,noun,,false,,
modular defense system,noun,,false,,
environmental suit,noun,,false,,
charcoal,noun,,false,,
plot,noun,,false,,
lulo,noun,,false,,
UPS,noun,,true,,
(on),adjective,,false,,
(off),adjective,,false,,
hacksaw,noun,,false,,
hazmat suit,noun,,false,,
plasma torch,noun,,false,,
ASRG,noun,,true,,
raiding party,noun,,false,,
Arturo,noun,,true,阿图罗,
Theresa,noun,,false,特蕾莎,
Corrie,noun,,false,科里,
sugar beet,noun,,false,甜菜,
potato,noun,,false,土豆,
icons,noun,,false,圣像,
chit,noun,,false,,
chits,noun,,false,,
grocery store,noun,,false,,
convenience store,noun,,false,,
home improvement superstore,noun,,false,,
home improvement store,noun,,false,,
dive shop,noun,,false,,
head shop,noun,,false,,
butcher knives,,,false,,
police department,noun,,false,,
mobile home,noun,,false,,
skilled,adjective,,false,,
TsKBEM,noun,实验机器制造中央设计局，现俄罗斯科罗廖夫能源火箭航天集团的原名。,false,TsKBEM,
Gemma,noun,,false,杰玛,
Julian,noun,,false,朱利安,
plate armor,noun,,false,,
Jane,noun,,false,简,
Kostas,noun,,false,科斯塔斯,
Jerry,noun,,false,杰里,
Jeremiah,noun,,false,耶利米,
Darryl,noun,,false,达里尔,
Sonia,noun,,false,索尼娅,
Zachary,noun,,false,扎卡里,
Simon,noun,,false,西蒙,
Katherine,noun,,false,凯瑟琳,
light blue,adjective,,false,浅蓝,
quiver,noun,,false,,
sabaton,noun,,false,,
nuts,noun,,false,,
short string,noun,,false,,
short rope,noun,,false,,
long string,noun,,false,,
long rope,noun,,false,,
short cordage,noun,,false,,
long cordage,noun,,false,,
leather lace,noun,,false,,
arming sword,noun,,false,,
bare bones basecamp,noun,,false,,
modular field camp,noun,,false,,
chestplate,noun,,false,,
armguard,noun,,false,,
mitten gauntlet,noun,,false,,
hideworking,noun,,false,,
Russell,noun,,false,拉塞尔,
log pillars,noun,,false,,
glassblower's cottage,noun,,false,,
anchisaurus,noun,,false,近蜥龙,
recurve bow,noun,,false,,
stool,noun,,false,,
barstool,noun,,false,,
lbs,noun,,false,,
bionic implant,noun,,false,,
hardened,adjective,,false,硬化,主要用于描述表面硬化碳钢材质。
tempered,adjective,,false,回火,
Olwen,noun,,false,,
NECC,noun,,false,,
extinguisher,noun,,false,,
churned,adjective,,false,,
bar stool,noun,,false,,
deck chair,noun,,false,,
pellet,noun,,false,,
sintering furnace,noun,,false,,
post-apocalyptic,adjective,,false,,
riot control,adjective,,false,,
lamellae,noun,,false,,
lamellar,adjective,,false,鳞||鳞片,
jacket,noun,,false,,
turn,noun,,false,,
sledgehammer,noun,,false,长柄大锤,
fries,noun,,false,鱼苗,
book it,verb,,false,迅速离去,
fatigue,noun,,false,,
stow board,noun,,false,,
Humvee,noun,,false,,
SUV,noun,,false,SUV,运动型多功能车(Sports Utility Vehicle)
quantum,noun,,false,,
fittings,noun,,false,,
PSU,noun,,false,,
sturdy,adjective,,false,,
tempered glass,noun,,false,钢化玻璃,
storage,verb,,false,存储,
wire,noun,,false,,
social,,,false,,
Gain,,,false,获得,
computers,,,false,计算机||电脑,
health care,,,false,,
Social,,,false,,
mechanics,,,false,,
feral mechanics,,,false,,
devices,,,false,,
vehicles,,,false,,
athletics,,,false,,
fabrication,,,false,,
food handling,,,false,,
tailoring,,,false,裁缝,
survival,,,false,生存,
electronics,,,false,,
archery,,,false,,
marksmanship,,,false,,
launchers,,,false,重武器,
handguns,,,false,,
rifles,,,false,,
automatic rifles,,,false,,
sniper rifles,,,false,,
A7 laser rifles,,,false,,
flintlock rifles,,,false,,
base rifles,,,false,,
base rifle,,,false,,
semi-automatic rifle,,,false,,
semi-automatic rifles,,,false,,
automatic rifle,,,false,,
assault rifle,,,false,,
assault rifles,,,false,,
auto rifle,,,false,,
auto rifles,,,false,,
M16,,,false,,
G36,,,false,,
M27,,,false,,
burst rifles,,,false,,
burst rifle,,,false,,
BA10,,,false,,
SIG,,,false,,
AUG,,,false,,
pipe rifle,,,false,,
pipe rifles,,,false,,
vz. 58,,,false,,
combat rifles,,,false,,
combat rifle,,,false,,
tactical rifles,,,false,,
tactical rifle,,,false,,
battle rifles,,,false,,
Mosin,,,false,,
M3,,,false,,
M3E1,,,false,,
RM11B,,,false,,
scout rifles,,,false,,
scout rifle,,,false,,
RM51,,,false,,
RM88,,,false,,
recoilless rifles,,,false,,
recoilless rifle,,,false,,
full metal jacket,,,false,,
9x19mm,,,false,,
rail rifles,,,false,,
rail rifle,,,false,,
railgun rifles,,,false,,
railgun rifle,,,false,,
ion rifles,,,false,,
ion rifle,,,false,,
C7,,,false,,
throwing knives,,,false,,
throwing axes,,,false,,
throwing sticks,,,false,,
throwing,,,false,,
Knife Throwing,,,false,,
Throwing Assist,,,false,,
bashing weapons,,,false,钝击武器,
cutting weapons,,,false,斩击武器,
piercing weapons,,,false,刺击武器,
applied science,,,false,,
changeling,,,false,,
medical primer,,,false,医疗引物,
blocking effectiveness,,,false,,
blocked damage,,,false,,
block attempt,,,false,,
dodge attempt,,,false,,
intermediate,,,false,,
damage,,,false,,
blocking,,,false,,
reduced,,,false,,
move cost,,,false,行动点,
Bash,,,false,钝击,
bash damage,,,false,钝击伤害,
increased,,,false,,
decreased,,,false,,
Sneak Attack,,,false,,
Assassinate,,,false,,
Assassinate,noun,,false,,
Ninjutsu Takedown,noun,,false,,
Assassinate,noun,,false,,
Sneak Attack,noun,,false,,
Ninjutsu Takedown,noun,,false,,
techniques,noun,,false,,
Swift Strike (crit),noun,,false,,
technique,noun,,false,,
Enables,noun,,false,,
Lasts,noun,,false,,
turns,noun,,false,,
times,noun,,false,,
Stacks,noun,,false,,
dodge attempts,noun,,false,,
Dodging,noun,,true,,
Toad Style,noun,,false,,
pausing,noun,,true,,
Pausing,noun,,true,,
emergency wash station,,,false,,
pair,noun,,false,,
reach weapons,,,false,,
Trans Coastal,,,false,,
Manipulation,,,false,,
automatic rifle carbine,,,false,,
higher level,,,false,,
Toggle,,,false,,
item auto pickup,,,false,,
No Auto Pickup,,,false,,
no auto pickup zones,,,false,,
zomborg,,,false,,
zomborgs,,,false,,
Melee skills,,,false,,
books,noun,,false,,
book,noun,,false,,
kitchen station,,,false,厨房,
mounted kitchens,,,false,车载厨房,
mounted kitchen,,,false,车载厨房,
polesaw,,,false,长柄锯,
polesaws,,,false,长柄锯,
pierce,,,false,刺击,武器的一种伤害类型
expansion,,,false,膨胀,
cut,,,false,斩击,武器的一种伤害类型
gravity well,noun,,false,,
drum magazines,noun,,false,弹鼓,
radioactive,adjective,,false,,
hardpoint,noun,,false,,
block attempts,,,false,,
paramilitary zombies,,,false,准军事丧尸,
paramilitary zombie,,,false,准军事丧尸,
wretched hatcheries,,,false,邪恶孵化场,
wretched hatcherie,,,false,邪恶孵化场,
Needs to be placed and plugged into a power source.,,,false,,
You can take this down and plug it into a power grid to use it.,,,false,,
You can take this down and plug it into your own power grid to use it.,,,false,,
Plugged in and ready to go,,,false,,
You could press them into oil.,,,false,,
Could be fried and eaten.,,,false,,
RA,noun,,true,,
Lapua,noun,,false,拉普阿,
Bushmaster,noun,,false,大毒蛇,
Anglican,noun,,false,圣公宗,
self-aware,adjective,,false,,
brigandines||brigandine,,,false,布面甲||布面甲背心,
elbow guards,noun,,false,护肘,
shoulder guards,noun,,false,护肩,
diagonal,adjective,,false,对角,
motorcycle helmets,noun,,false,摩托头盔,
glareproof,noun,,false,防眩光,
Activate it to toggle the visor,,,false,激活它以调节面甲||激活它以调节面罩,
visor,noun,,false,面罩||面甲,
gambesons||gambeson,noun,gambeson与aketon类似，都是穿在护甲下的衬垫类衣物，唯一的区别是gambeson有时可单穿，而aketon专门穿在其他护甲下。都是绗缝工艺制作。,false,软铠,
moon tears,noun,,false,月之泪,
sleeveless,adjective,,false,无袖,"描写衣物，如果名字中同时有物品的材质，用括号写在后面。描写护甲，如果同类有不同钢材的尺寸的区别，不加括号写在物品名前面。
如：无袖风衣 ，发光毛皮防尘风衣（无袖） ， 无袖连体锁环衣（中碳钢XL）"
torso,noun,,false,躯干,
legs,noun,,false,下肢||腿,
arms,noun,,false,手部||手臂||武器,
tempered steel,noun,,false,回火碳钢,
quilted fabric,noun,绗缝是一种在双层布中填充棉花等材料的工艺。,false,,
arming pants,noun,感觉译为盔甲衬裤跟盔甲太强关联了，所以从裤子本身属性译为绗缝衬裤,false,绗缝衬裤||衬裤,
wool,adjective,,false,羊毛,
arming gloves,noun,,false,绗缝手套,
low quality steel,noun,,false,低碳钢,
high quality steel,noun,,false,高碳钢,
chainmail hauberks,noun,,false,锁环长衣,
low steel,noun,,false,低碳钢,
chain sleeveless jumpsuits,noun,,false,无袖连体锁环衣,
lamellar armor,noun,,false,鳞甲,
hardened steel,noun,,false,硬化碳钢,为缩减后缀名称长度，用（硬化碳钢）。可在描述中全称表面硬化碳钢。
knee guards,noun,,false,钢护膝,
steel,noun,,false,钢||钢制,
pemmican,noun,,false,干肉饼,
wool coifs,noun,,false,羊毛罩盔,
coifs,noun,,false,罩盔,
armored cloth,noun,,false,夹层布,绗缝工艺制成的软铠布料材质的称呼，自行决定叫啥..
synthetic fabric,noun,,false,人造纤维,
without sleeves,adjective,,false,无袖,
poor quality steel,noun,,false,低碳钢,
wreath,noun,,false,花环,
olive branch,noun,,false,橄榄枝,
tricolor,noun,,false,三色,
flag,noun,,false,旗帜,
golden,adjective,,false,黄金,
red,noun,,false,红,
green,noun,,false,绿,
horizontal,adjective,,false,水平,
black,adjective,,false,黑,
white,adjective,,false,白,
yellow,adjective,,false,黄,
shield,adjective,,false,盾牌,
spears,adjective,,false,矛,
horizontally,adjective,,false,水平,
gold,adjective,,false,金,
diagonally,adverb,,false,对角,
vertical,,,false,竖直,
coat of arms,,,false,盾徽,
hoist,,,false,旗杆,
triangle,,,false,三角,
bicolor,,,false,双色,
rectangle,,,false,矩形,
Nordic cross,,,true,北欧十字,
national emblem,,,false,国徽,
orange,,,false,橙,
vertically,,,false,竖直,
purple,,,false,紫,
arming mittens,,,false,绗缝连指手套,
FM,,,true,陆军手册,陆军手册(Field Manual)，field特指某领域应用而不是研究。对于如FM a-b.c，根据命名规则，a表示手册的大类，b表示子类，c表示子类下的某一领域。
mildew,noun,,false,,
Desert Tech,,,false,DT,
partial aventails,noun,,false,面颈甲,
chainmail aventails,noun,,false,面肩甲,
nasal helms,noun,,false,鼻盔,
turban helms,noun,,false,头巾盔,
tyrant,noun,,false,,
stego,noun,,false,,
horns,noun,,false,,
sweater,noun,,false,,
sweaters,noun,,false,,
MRAD,,,false,Multi-role Adaptive Design(多用途适应性设计),指可更换枪械口径与进行各种改装。
SMR,,,false,Single Mission Rifle(单用途步枪),指不能更换出厂的口径与后托，价格会比可更换版本更便宜。
Thompson,,,false,汤普森,
inch,,,false,英寸,
ryūsei,noun,,false,流星,
soap,adjective,,false,,
flakes,noun,,false,,
superglue,noun,,false,,
blades,noun,,false,,
spring,noun,,false,,
hai-date,,,false,胫甲,
Challenge -,,,false,,
storage,,,false,,
faux fur,,,false,人造毛皮,
tactical pants,,,false,战术裤,
cast iron,,,false,铸铁,
ingots,,,false,锭,
Fishing:,,,false,捕鱼：,
sanctuary,noun,,false,,
sky island,noun,,false,,
dotted,adjective,,false,,
warp sickness,,,false,翘曲失调,
warp disintegration,,,false,翘曲解体,
warpstream,,,false,翘曲洪流,
Infinitree,,,false,,
warp shard,,,false,翘曲碎片,
Item must be,,,false,,
self healing polymer||self healing polymers,,,false,自修复聚合物,
ichor||ichors,noun,,false,神血,
caster level,noun,,false,施法等级,
biomancer booster sludge,noun,,false,生化术士强化浆,
domination school,noun,,false,统御学派,
harmony school,noun,,false,调谐学派,
Gaia's Chosen,noun,,false,盖亚神选,
force mage,noun,,false,原力法师,
radiation mage,noun,,false,辐射法师,
gravity mage,noun,,false,重力法师,
decayed pouncer||decayed pouncers,noun,,false,腐朽突袭兽,
skeletal wolf,noun,,false,骷髅狼,
barghest,noun,,false,犬魔,
hulking horror,noun,,false,恐怖巨犬,
spearcat hunter,noun,,false,矛猫猎手,
amigara,noun,,false,阿弥壳,
hunting horror,noun,,false,恐怖猎手,
antlered horror,noun,,false,恐怖鹿角兽,
blistered horror,noun,,false,脓疱恐兽,
headless horror,noun,,false,恐怖无头怪,
everglow matrix lamp,noun,,false,永光矩阵灯,
archeotech,noun,,false,古代科技,
vacuum-cast carbide,noun,,false,真空铸造碳化物,
nanoprinted alloy,noun,,false,纳米打印合金,
nanoprinted alloy mesh,noun,,false,纳米打印合金网,
Izhevsk,noun,,false,伊热夫斯克,
motion detector,noun,,false,运动探测器,
locker room,,,false,更衣室,
Likvidator||Likvidators,,"""Likvidator""，负责清理切尔诺贝利事故的“清理者”。见英语维基词条Chernobyl Liquidator",false,清理者,
Udarnik||Udarniks,,苏联词汇，字面意义为“震撼工人”，中国人熟悉的“劳模”。,false,劳模,
Brandspojt||Brandspojts,,俄语：救火机，可移手压泵，救火水龙头，消火泵，〔阳〕消防泵。（消防）喷嘴。,false,救火机,
jackhammer||jackhammers,,,false,冲击钻,
Transparent Impact Resistant Plastic,,,false,透明抗冲击塑料,
Vapor Deposition Machine,,,false,气相沉积机,
spectrophotometer,noun,,false,分光光度计,
SBR,,,false,SBR,
dimensional,adjective,,false,次元,
dreamforged,adjective,,false,梦铸,
hacksaw,adjective,,false,钢锯,
Halligan bar||Halligan bars,,,false,消防破拆棍,
locking plier,,,false,锁定钳,
pickaxe,,,false,鹤嘴锄,
locksmith kit||locksmith kits,,,false,撬锁工具,
glaive||glaives,,,false,长柄刀,
inventor,,,false,发明家,
cold iron,,,false,寒铁,
stab,,,false,刺击,
electric motor||electric motors,,,false,电力引擎,
bpm,noun,,false,,
tortoise,noun,,false,,
overgrown,adjective,,false,,
bloomery,noun,,false,,
bog iron,noun,,false,,
hammer-axe,noun,,false,,
radio repeater mods,pronoun,,false,无线中继模块,
vein,noun,,false,,
rainforest,noun,,false,,
grav chute,noun,,false,,
parry,noun,,false,,
fusillies,noun,,false,,
mobbings,noun,,false,,
AoE,noun,,true,,
fibercloth,noun,,false,,
Vancian,adjective,,false,万西安,
dross,noun,,false,浮梦残渣,
vicious,adjective,,false,,
honeydew,noun,,false,,
glimmer fur,noun,,false,,
redcap,noun,,false,,
scraps of,noun,,false,,
pooka,noun,,false,,
ledge,noun,"一般是对游戏内""tr_ledge""陷阱的描述，这种陷阱是""open air""之类的方格的自带陷阱，因此对应地形边缘或者空中区域。",false,,
stepladder,noun,,false,摺梯,
NRE recorder,,,false,,
aventail,,,false,,
safehouse,noun,,false,,
unseelie,noun,,false,,
greaves,,,false,,
dreamdross,noun,,false,,
dread,noun,,false,,
Primal Terror,noun,,false,,
Expert,noun,,false,,
Beginner,noun,,false,,
Master,noun,,false,,
archer's form,noun,,false,,
martial arts,,,false,,
competent,,,false,,
large rock,,,false,,
broken glass,noun,,false,,
planks,noun,,false,,
short planks,noun,,false,,
long planks,noun,,false,,
rebars,noun,,false,,
stockings,noun,,false,长筒袜,
whiskflower,noun,,false,,
moonflower,noun,,false,,
bracers,,,false,,
Familiarity,,,false,熟练,
Mastery,,,false,大师,
(beginner),,,false,（入门）,
beginner,,,false,,
Proficiency,,,true,专家,
(intermediate),noun,,false,（中级）,
fried,,,false,,
cooked,,,false,,
boiled,,,false,,
baked,,,false,,
stewed,,,false,,
dehydrated,,,false,,
matchhead powder,,,false,,
disconnected,,,false,,
foot locker,,,false,,
planer,,,false,,
jointer,,,false,,
planers,,,false,,
armed,,,false,,
hardened steel,,,false,,
grinder blade||grinder blades,,,false,,
circular sawblade,,,false,,
circular saw,,,false,,
lump of||lumps of,,,false,块,
chunk of||chunks of,,,false,,
Rhode Island,noun,,false,罗得岛,
star vampire,noun,,false,星之精,
blast,noun,,false,,
Anglic,noun,,false,,
chirurgery,noun,,false,,
Electrokinetic,noun,,false,驱电者,
Clairsentient,noun,,false,超感者,
Biokinetic,noun,,false,炼体者,
Grandmaster,noun,,false,宗师,
Enthusiast,noun,,false,爱好者,
Photokinetic,noun,,true,祈光者,
Pyrokinetic,noun,,true,焰动者,
Telekinetic,noun,,true,念动者,
Telepath,noun,,true,传心者,
Teleporter,noun,,true,传送者,
Vitakinetic,noun,,true,疗愈者,
telepathy,noun,,false,心灵感应,
telepathic attack,noun,,false,心灵攻击,
matrix crystal,noun,,false,矩阵晶体,
electrokinesis,noun,,false,驱电,
photokinesis,noun,,false,控光,
Telekinetic Force,noun,,false,念动力,
Growing up,noun,,false,长大,
strike in melee,,,false,使用武器攻击,
reduce the strength of,,,false,减弱,
targeting,noun,,false,,
Nether Attunemen,noun,,false,异界同调,
nether-attunement,noun,,false,异界同调,
Oubliette,noun,,true,异界监牢,
Healthy Glow,noun,,true,治愈光辉,
Anabolic Rejuvenation,noun,,true,极速自愈,
Sealed System,,,true,封闭躯体,
Intuitive Artisan,,,true,匠人直觉,
Show Jump,noun,,false,,
velociraptor,noun,,false,伶盗龙,
spinosaurus,noun,,false,剑龙,
iguanodon,noun,,false,禽龙,
carnotaurus,noun,,false,食肉牛龙,
plateosaurus,noun,,false,板龙,
elasmosaurus,noun,,false,薄片龙,
kronosaurus,noun,,false,克柔龙,
tylosaurus,noun,,false,海王龙,
plesiosaurus,noun,,false,蛇颈龙,
suchomimus,noun,,false,似鳄龙,
baryonix,noun,,false,重爪龙,
plushie,noun,,false,毛绒玩具,
sanctacaris,noun,,false,多须虫,
laptop,noun,,false,,
armadura,,,false,,
computer,noun,,false,,
…,interjection,,false,,
Rapture,noun,,false,,
Arvore,,,false,,
Undine,,,false,,
Salamander,,,false,,
Homullus,,,false,,
Sylph,,,false,,
Ierde,,,false,,
gossamer,,,false,,
topaz,noun,,false,蓝黄玉,
The Malignance,,,false,魔瘤,
Vitakinesis,,,false,疗愈,
teleportation,,,false,传送,
telekinesis,,,false,念动,
pyrokinesis,,,false,焰动,
clairsentience,,,false,灵视,
biokinesis,,,false,炼体,
Corpses||Corpse,noun,,false,,
Flaming,adjective,,false,,
fungal,adjective,,false,,
